,City,Cloudiness,Country,Date,Humidity,Lat,Lng,Max Temp,Wind Speed
0,Karratha,0,AU,1547964988,25,-20.74,116.85,40.89,4.26
1,Halden,88,SE,1547963400,92,59.12,11.39,-5.0,2.1
2,Jamestown,0,AU,1547964927,82,-33.21,138.6,25.19,2.41
3,Ilhabela,0,BR,1547965023,97,-23.78,-45.36,27.54,3.46
4,Castro,0,CL,1547960400,100,-42.48,-73.76,11.0,1.5
5,Punta Arenas,20,CL,1547964000,61,-53.16,-70.91,8.0,6.2
6,Wewak,92,PG,1547965023,95,-3.55,143.63,26.04,0.86
7,Port Augusta,0,AU,1547964000,40,-32.49,137.76,30.0,7.7
8,Rodino,56,RU,1547965246,93,52.5,80.2,-3.01,5.61
9,Dingle,92,PH,1547965004,98,11.0,122.67,23.99,5.06
10,Ushuaia,75,AR,1547964000,65,-54.81,-68.31,7.0,9.8
11,Celestun,56,MX,1547964934,100,20.87,-90.4,22.74,13.56
12,Rafaela,48,AR,1547965247,88,-31.25,-61.49,14.39,1.46
13,Saskylakh,76,RU,1547964984,89,71.97,114.09,-29.31,4.71
14,Riobamba,100,EC,1547965248,89,-1.67,-78.65,8.04,0.86
15,Kavaratti,0,IN,1547965009,100,10.57,72.64,27.54,1.21
16,Wasilla,1,US,1547963880,82,61.58,-149.44,-13.9,1.61
17,Nuevo Casas Grandes,0,MX,1547965249,77,30.42,-107.91,-2.31,1.26
18,Khatanga,64,RU,1547964961,77,71.98,102.47,-24.56,3.11
19,Le Port,88,FR,1547965085,94,42.87,1.37,-4.11,0.31
20,Aklavik,90,CA,1547960400,76,68.22,-135.01,-21.0,1.0
21,Cape Town,0,ZA,1547964000,52,-33.93,18.42,18.0,1.0
22,Upernavik,56,GL,1547964995,100,72.79,-56.15,-22.51,4.31
23,Tiksi,36,RU,1547964922,0,71.64,128.87,-42.11,1.21
24,Camacupa,56,AO,1547965251,87,-12.02,17.48,17.69,2.91
25,Caravelas,88,BR,1547964811,100,-17.73,-39.27,27.09,7.16
26,Bredasdorp,24,ZA,1547964000,49,-34.53,20.04,20.0,5.1
27,Santiago,0,CL,1547964000,77,-33.44,-70.65,15.0,3.6
28,Bluff,0,AU,1547964644,31,-23.58,149.07,34.59,6.61
29,Vao,80,EE,1547964923,83,59.1,26.19,-4.86,7.71
30,Neuruppin,0,DE,1547963400,85,52.92,12.81,-4.0,1.0
31,Gat,8,SN,1547962200,35,14.69,-16.54,17.0,5.7
32,Mar del Plata,0,AR,1547964948,37,-46.43,-67.52,21.69,8.26
33,Isangel,92,VU,1547965070,100,-19.55,169.27,26.04,9.16
34,Lazaro Cardenas,0,MX,1547965015,61,28.39,-105.62,-0.11,1.26
35,Yali,8,NG,1547965254,58,10.52,9.86,12.89,1.11
36,Rikitea,92,PF,1547964931,99,-23.12,-134.97,26.79,6.06
37,Cidreira,76,BR,1547964922,95,-30.17,-50.22,20.99,4.56
38,College,90,US,1547964240,83,64.86,-147.8,-17.8,1.36
39,Manado,20,ID,1547962200,58,1.49,124.85,31.0,5.1
40,Palana,32,RU,1547965255,72,59.08,159.95,-2.16,5.11
41,Itoman,75,JP,1547964000,68,26.12,127.67,20.0,10.3
42,Nikolskoye,20,RU,1547962200,85,59.7,30.79,-4.0,5.0
43,Coquimbo,0,CL,1547964000,93,-29.95,-71.34,14.0,2.1
44,Praia da Vitoria,20,PT,1547960400,87,38.73,-27.07,13.0,3.26
45,Vaini,0,IN,1547960400,41,15.34,74.49,25.0,4.1
46,Sao Joao da Barra,0,BR,1547965107,96,-21.64,-41.05,27.14,13.36
47,Kieta,80,PG,1547964941,95,-6.22,155.63,27.69,5.06
48,Bartica,24,GY,1547965258,93,6.41,-58.62,22.69,1.86
49,Rocha,12,UY,1547965026,84,-34.48,-54.34,13.74,2.11
50,Vila Velha,40,BR,1547964000,94,-3.71,-38.6,25.0,1.0
51,Ponta do Sol,32,BR,1547965004,94,-20.63,-46.0,18.39,1.76
52,Kapaa,20,US,1547964000,78,22.08,-159.32,23.3,5.7
53,Richards Bay,92,ZA,1547965038,94,-28.77,32.06,19.49,5.36
54,Dikson,76,RU,1547964976,100,73.51,80.55,-14.11,2.66
55,Katsuura,75,JP,1547964000,76,33.93,134.5,12.0,9.3
56,Albany,90,US,1547963640,79,42.65,-73.75,-4.4,1.5
57,Sungaipenuh,56,ID,1547965261,92,-2.08,101.38,21.84,0.41
58,Mataura,100,NZ,1547964957,96,-46.19,168.86,12.34,10.76
59,Mad,75,SK,1547964000,86,47.95,17.66,-1.0,2.6
60,Atuona,80,PF,1547964963,100,-9.8,-139.03,26.99,6.81
61,Souillac,68,FR,1547962200,100,45.6,-0.6,6.0,1.51
62,Sitka,0,US,1547964931,71,37.17,-99.65,-10.16,1.36
63,Saint George,40,GR,1547963400,100,39.45,22.34,4.0,1.16
64,Limoux,90,FR,1547962200,81,43.05,2.22,6.0,2.1
65,Kaitangata,64,NZ,1547964878,85,-46.28,169.85,13.64,11.46
66,Severo-Kurilsk,88,RU,1547965052,95,50.68,156.12,0.69,5.46
67,Amapa,20,HN,1547964000,94,15.09,-87.97,22.0,0.91
68,Yar-Sale,0,RU,1547965264,72,66.83,70.83,-21.11,2.16
69,Villa Union,12,BO,1547965264,94,-10.79,-65.46,24.49,1.61
70,Thompson,5,CA,1547960400,73,55.74,-97.86,-36.0,2.21
71,Gaya,0,IN,1547964000,49,24.8,85.01,21.0,6.2
72,Ferme-Neuve,76,CA,1547965265,69,46.7,-75.45,-23.41,2.31
73,Rawson,0,AR,1547965013,19,-43.3,-65.11,25.69,5.66
74,Hami,0,CN,1547965001,80,42.84,93.51,-2.66,0.96
75,Anadyr,40,RU,1547964000,76,64.73,177.51,-24.0,6.0
76,Suba,92,CN,1547965267,74,28.73,103.51,6.74,1.16
77,Yongan,0,CN,1547965267,37,39.7,113.69,-6.11,2.11
78,Pombia,0,IT,1547963400,100,45.65,8.63,-2.0,2.1
79,Mizdah,0,LY,1547965268,68,31.45,12.98,-2.11,1.66
80,Deputatskiy,0,RU,1547965080,0,69.3,139.9,-52.36,1.16
81,Carnarvon,0,ZA,1547964957,42,-30.97,22.13,13.39,4.21
82,Te Anau,92,NZ,1547964909,95,-45.41,167.72,10.64,5.96
83,Puerto El Triunfo,0,SV,1547963400,94,13.27,-88.55,21.0,1.5
84,Arraial do Cabo,48,BR,1547964955,91,-22.97,-42.02,24.74,6.06
85,Tasiilaq,20,GL,1547963400,73,65.61,-37.64,-6.0,2.1
86,Ginir,0,ET,1547965270,22,7.14,40.71,21.34,1.61
87,Saint-Philippe,90,CA,1547963700,80,45.36,-73.48,-21.0,5.56
88,Lagoa,20,PT,1547962200,82,37.14,-8.45,13.0,6.7
89,Port Lincoln,24,AU,1547965148,71,-34.72,135.86,23.39,5.71
90,Kodiak,1,US,1547963700,50,39.95,-94.76,-12.8,2.1
91,Talgar,75,KZ,1547964000,64,43.3,77.24,1.0,2.0
92,Okha,32,RU,1547965055,95,53.59,142.95,-17.61,8.56
93,Hambantota,75,LK,1547961000,66,6.12,81.12,29.0,3.1
94,Busselton,0,AU,1547964921,62,-33.64,115.35,29.24,2.71
95,Hermanus,24,ZA,1547964960,74,-34.42,19.24,13.49,1.71
96,Keti Bandar,0,PK,1547965273,100,24.14,67.45,19.89,3.26
97,Hithadhoo,88,MV,1547964957,100,-0.6,73.08,26.34,3.46
98,Fortuna,75,ES,1547962200,93,38.18,-1.13,10.0,2.6
99,Bonavista,44,CA,1547965015,100,48.65,-53.11,-9.91,9.01
100,Puerto Ayora,92,EC,1547964933,100,-0.74,-90.35,24.89,3.51
101,Provideniya,80,RU,1547964919,100,64.42,-173.23,-10.36,3.21
102,Hokitika,92,NZ,1547965274,98,-42.72,170.96,15.39,8.06
103,Koygorodok,68,RU,1547965275,74,60.44,51.01,-10.26,2.11
104,Ballina,75,IE,1547964000,100,54.11,-9.15,5.0,9.8
105,Margate,0,AU,1547962200,26,-43.03,147.26,27.0,8.2
106,Ribeira Grande,64,PT,1547965091,97,38.52,-28.7,17.04,3.36
107,Port Elizabeth,90,US,1547964240,96,39.31,-74.98,8.0,5.1
108,Yellowknife,90,CA,1547962500,76,62.45,-114.38,-20.0,8.2
109,Morondava,88,MG,1547965276,79,-20.3,44.28,30.84,2.76
110,Avarua,75,CK,1547964000,83,-21.21,-159.78,27.0,2.6
111,Mehamn,80,NO,1547965091,92,71.03,27.85,-5.16,4.91
112,Port Alfred,44,ZA,1547964721,100,-33.59,26.89,16.54,2.41
113,Taoudenni,0,ML,1547964972,47,22.68,-3.98,1.44,1.31
114,Castanos,0,MX,1547965277,71,26.78,-101.42,1.64,1.41
115,Segovia,20,ES,1547962200,100,40.95,-4.12,3.0,3.1
116,Covington,90,US,1547963760,80,35.56,-89.65,-0.6,9.3
117,Vanavara,20,RU,1547964949,66,60.35,102.28,-9.91,2.81
118,Zeerust,0,ZA,1547964000,56,-25.54,26.07,23.0,6.2
119,Angicos,32,BR,1547965279,98,-5.67,-36.6,21.99,2.31
120,Victoria,75,BN,1547962200,79,5.28,115.24,30.0,5.1
121,Sunrise Manor,1,US,1547963760,62,36.21,-115.07,11.1,2.1
122,Chuy,0,UY,1547964983,93,-33.69,-53.46,16.84,4.26
123,Kimbe,92,PG,1547965280,100,-5.56,150.15,25.04,1.86
124,Semme,56,FR,1547962200,93,46.2,1.5,4.0,2.31
125,Whyalla,0,AU,1547964000,40,-33.04,137.58,30.0,7.7
126,Hobart,0,AU,1547962200,26,-42.88,147.33,27.0,8.2
127,Manggar,92,ID,1547965282,97,-2.88,108.27,26.94,4.86
128,Kavieng,88,PG,1547964943,100,-2.57,150.8,26.24,4.21
129,Henties Bay,0,NA,1547964991,100,-22.12,14.28,17.34,3.41
130,Pacific Grove,1,US,1547964000,79,36.62,-121.92,12.8,0.71
131,Northam,48,GB,1547959800,93,51.04,-4.21,5.0,2.6
132,Tete,75,MZ,1547960400,94,-16.16,33.59,25.0,1.76
133,Stonewall,40,CA,1547960400,67,50.13,-97.33,-30.0,3.6
134,Vuktyl,68,RU,1547965284,77,63.86,57.31,-8.26,3.01
135,Beringovskiy,80,RU,1547965076,100,63.05,179.32,-16.36,2.61
136,Miraflores,92,CO,1547965285,100,5.2,-73.14,10.59,0.76
137,Bethel,90,US,1547963580,83,60.79,-161.76,-10.6,3.1
138,Eureka,75,US,1547962500,100,40.8,-124.16,14.4,1.5
139,Airai,88,TL,1547964949,86,-8.93,125.41,24.84,1.01
140,Butaritari,88,KI,1547964928,100,3.07,172.79,28.29,6.66
141,Shubarshi,88,KZ,1547965286,90,48.59,57.19,-6.61,2.36
142,Dinar,20,TR,1547963400,100,38.07,30.16,4.0,1.01
143,Aketi,64,CD,1547965287,80,2.74,23.78,24.74,1.36
144,San Luis,12,AR,1547965070,43,-33.3,-66.34,21.09,7.16
145,Lazarev,0,RU,1547965288,62,52.23,141.51,-19.46,2.66
146,Padang,20,ID,1547962200,74,-0.92,100.36,31.0,5.1
147,Petropavlovsk-Kamchatskiy,75,RU,1547960400,69,53.05,158.65,2.0,6.0
148,Narasannapeta,0,IN,1547965289,53,18.42,84.04,28.24,0.96
149,Faanui,88,PF,1547964956,100,-16.48,-151.75,28.79,5.36
150,Georgetown,100,GY,1547964946,97,6.8,-58.16,23.14,3.06
151,Tiarei,75,PF,1547964000,69,-17.53,-149.33,28.0,1.5
152,Arman,92,RU,1547965076,76,59.7,150.17,-13.06,2.76
153,Esmeralda,36,CL,1547965290,73,-34.33,-70.9,12.59,0.61
154,Opuwo,48,NA,1547965040,54,-18.06,13.84,19.24,1.71
155,Oga,8,NG,1547965291,77,8.18,5.65,22.64,4.31
156,Bambous Virieux,40,MU,1547964000,66,-20.34,57.76,30.0,7.2
157,Ancud,75,CL,1547964000,100,-41.87,-73.83,10.0,1.0
158,Ahipara,0,NZ,1547964975,81,-35.17,173.16,21.89,2.91
159,Hualmay,8,PE,1547965065,95,-11.1,-77.61,17.89,1.31
160,Ambilobe,92,MG,1547964990,100,-13.19,49.05,23.99,3.51
161,Cherskiy,0,RU,1547964980,0,68.75,161.3,-37.66,1.06
162,Zeya,0,RU,1547965293,58,53.74,127.27,-19.31,1.16
163,Nanortalik,44,GL,1547964952,100,60.14,-45.24,-4.41,9.71
164,Atar,0,MR,1547964994,71,20.52,-13.05,4.79,2.46
165,Guilin,90,CN,1547964000,81,25.28,110.29,10.0,4.0
166,Oktyabrskiy,75,RU,1547962200,85,55.61,37.97,-5.0,5.0
167,Butia,36,BR,1547965294,93,-21.88,-47.57,19.74,1.71
168,Sibolga,88,ID,1547964932,90,1.74,98.78,24.49,1.21
169,Mehran,0,IR,1547964000,78,33.12,46.17,0.0,3.1
170,Husavik,0,CA,1547965042,0,50.56,-96.99,-39.81,1.46
171,Pointe-Noire,40,CG,1547960400,100,-4.8,11.85,25.0,1.0
172,Marawi,92,PH,1547965023,100,8.0,124.29,20.54,1.41
173,Maceio,40,BR,1547964000,88,-9.67,-35.74,24.0,1.5
174,Ivangorod,80,RU,1547965298,85,59.38,28.23,-4.46,6.61
175,Mahebourg,40,MU,1547964000,66,-20.41,57.7,30.0,7.2
176,Svetlogorsk,90,RU,1547962200,85,53.14,59.15,-7.0,5.0
177,Sola,75,NO,1547963400,80,58.89,5.65,2.0,4.1
178,Karaton,40,ID,1547962200,66,-6.34,106.1,30.0,3.6
179,Opunake,36,NZ,1547965299,87,-39.45,173.86,18.49,9.26
180,Abha,40,SA,1547964000,67,18.22,42.5,16.0,3.1
181,Esperance,20,TT,1547960400,94,10.24,-61.45,22.0,2.31
182,Ikalamavony,76,MG,1547965300,94,-21.17,46.6,21.89,1.46
183,New Norfolk,0,AU,1547962200,26,-42.78,147.06,27.0,8.2
184,Nabire,44,ID,1547964939,71,-3.36,135.5,27.59,0.96
185,Vardo,90,US,1547964000,85,39.62,-77.74,2.2,3.6
186,East London,75,ZA,1547964000,59,-33.02,27.91,19.0,2.1
187,Aswan,0,EG,1547965302,94,24.09,32.9,6.99,1.41
188,Ferrol,40,ES,1547962200,87,43.48,-8.23,10.0,5.1
189,Constitucion,0,MX,1547965008,73,23.99,-104.67,0.39,1.26
190,Tessalit,0,ML,1547964982,35,20.2,1.01,3.09,3.51
191,Taunggyi,0,MM,1547965303,60,20.78,97.03,21.04,1.56
192,Redmond,1,US,1547964900,82,47.67,-122.12,7.8,2.1
193,Gumdag,44,TM,1547965303,99,39.2,54.59,4.29,2.76
194,Guerrero Negro,0,MX,1547964941,65,27.97,-114.04,11.34,2.66
195,Belaya Gora,12,RU,1547965304,0,68.54,146.19,-45.31,1.26
196,Santa Cruz,1,US,1547964900,93,36.97,-122.03,14.4,0.46
197,Chapais,1,CA,1547963340,65,49.78,-74.86,-38.0,1.5
198,Leningradskiy,48,RU,1547965078,79,69.38,178.42,-22.06,6.81
199,Powell,90,US,1547963700,84,40.16,-83.08,-3.3,11.3
200,Dunedin,56,NZ,1547964950,67,-45.87,170.5,15.39,9.31
201,Ilulissat,88,GL,1547963400,77,69.22,-51.1,-18.0,5.1
202,Coahuayana,48,MX,1547964923,75,18.62,-100.35,15.54,0.91
203,Kisangani,36,CD,1547965308,89,0.52,25.21,24.19,1.36
204,Qaanaaq,0,GL,1547964936,100,77.48,-69.36,-32.51,4.91
205,Kahului,20,US,1547964540,81,20.89,-156.47,22.2,4.1
206,Bocana de Paiwas,56,NI,1547965309,87,12.79,-85.12,21.59,2.06
207,Turtas,92,RU,1547965309,72,58.94,69.13,-9.66,1.96
208,Saint-Pierre,80,FR,1547962200,81,48.95,4.24,2.0,2.6
209,Tuktoyaktuk,75,CA,1547960400,76,69.44,-133.03,-20.0,3.6
210,Uglegorsk,44,RU,1547965311,76,49.08,142.06,-12.86,3.41
211,Barrow,0,AR,1547964937,66,-38.31,-60.23,17.39,5.96
212,Tual,88,ID,1547964998,100,-5.67,132.75,26.44,7.71
213,Shahrud,0,IR,1547965311,79,36.42,54.97,-3.11,1.61
214,Namibe,80,AO,1547964955,100,-15.19,12.15,23.74,1.56
215,Tazovskiy,64,RU,1547965031,80,67.47,78.7,-15.51,4.66
216,Talnakh,64,RU,1547964980,71,69.49,88.39,-17.41,5.41
217,Watsa,12,CD,1547965313,82,3.04,29.53,22.74,1.61
218,Longyearbyen,20,NO,1547959800,64,78.22,15.63,-19.0,2.6
219,Mao,20,DO,1547964000,94,19.55,-71.08,23.0,5.1
220,Pevek,36,RU,1547964940,100,69.7,170.27,-30.51,2.61
221,Hobyo,36,SO,1547965078,78,5.35,48.53,25.69,7.71
222,Mayor Pablo Lagerenza,68,PY,1547965055,64,-19.93,-60.77,25.49,3.06
223,Palu,76,ID,1547965314,81,-0.9,119.87,24.94,0.76
224,Honningsvag,80,NO,1547965149,100,70.98,25.97,-3.51,6.26
225,Gunjur,0,GM,1547964000,36,13.18,-16.76,18.0,3.6
226,Port Arthur,1,US,1547964000,66,29.9,-93.93,5.0,7.2
227,Maningrida,76,AU,1547965100,97,-12.05,134.23,28.04,4.76
228,Imbituba,75,BR,1547964000,78,-28.24,-48.67,23.0,6.2
229,Quimper,75,FR,1547962200,93,48.0,-4.1,6.0,3.1
230,Gulistan,92,UZ,1547965317,100,40.5,68.78,0.99,2.16
231,Sur,0,OM,1547965002,100,22.57,59.53,21.59,5.56
232,Torbay,40,CA,1547960400,72,47.66,-52.73,-10.0,5.1
233,Norman Wells,40,CA,1547960400,75,65.28,-126.83,-29.0,1.5
234,Khash,0,IR,1547965096,42,28.22,61.21,8.29,2.06
235,Odesskoye,76,RU,1547965318,87,54.21,72.97,-8.71,4.91
236,Tera,40,CY,1547962200,81,34.97,32.42,11.0,4.1
237,Fort Nelson,90,CA,1547960400,84,58.81,-122.69,-19.0,1.5
238,Biak,20,ID,1547965032,83,-0.91,122.88,29.69,1.16
239,Iracoubo,92,GF,1547965319,82,5.48,-53.21,24.99,2.56
240,Oranjestad,20,AW,1547960400,78,12.52,-70.03,26.0,9.8
241,Mazyr,76,BY,1547965320,84,52.05,29.27,-6.01,4.36
242,Chepareria,0,KE,1547965320,63,1.32,35.2,17.49,0.61
243,Zhezkazgan,90,KZ,1547964000,85,47.8,67.71,-5.0,5.0
244,Tolstoy-Yurt,0,RU,1547964000,66,43.44,45.77,0.0,1.21
245,Bathsheba,40,BB,1547964000,78,13.22,-59.52,25.0,5.1
246,Mumford,0,GH,1547965322,93,5.26,-0.76,24.09,3.11
247,Sorong,12,ID,1547964970,99,-0.86,131.25,29.39,4.81
248,Khovu-Aksy,20,RU,1547965322,64,51.13,93.72,-19.46,1.41
249,Tecoanapa,90,MX,1547962980,94,16.99,-99.26,24.0,1.0
250,Chivilcoy,0,AR,1547965323,72,-34.9,-60.02,16.79,4.36
251,Pimentel,80,BR,1547965045,98,-3.7,-45.5,22.99,0.86
252,Tres Arroyos,0,AR,1547965323,66,-38.38,-60.28,17.39,5.96
253,Lompoc,1,US,1547963760,85,34.64,-120.46,13.3,1.31
254,San Cristobal,75,EC,1547964000,100,-0.39,-78.55,13.0,2.1
255,Astorga,8,ES,1547962200,99,42.46,-6.05,1.0,1.0
256,Sinor,0,IN,1547964000,34,21.91,73.34,27.0,1.5
257,Shenjiamen,0,CN,1547965053,98,29.96,122.3,8.94,10.51
258,Necochea,0,AR,1547965226,79,-38.55,-58.74,15.34,6.11
259,Rio Grande,88,BR,1547964934,95,-32.03,-52.1,21.19,6.71
260,Challans,90,FR,1547962200,100,46.85,-1.88,4.0,1.5
261,Cockburn Town,0,TC,1547965113,100,21.46,-71.14,25.69,8.86
262,Chokurdakh,24,RU,1547964959,0,70.62,147.9,-41.36,1.11
263,Broome,0,GB,1547963760,92,52.47,1.45,-3.0,0.5
264,Mareeba,40,AU,1547964000,66,-16.99,145.42,29.0,7.2
265,Mikhaylovka,8,RU,1547965328,58,52.96,103.29,-8.46,1.56
266,Acari,20,BR,1547964966,95,-6.44,-36.64,19.34,2.41
267,Igarka,76,RU,1547965329,82,67.47,86.57,-14.56,6.01
268,Srednekolymsk,12,RU,1547965120,0,67.46,153.71,-38.71,1.11
269,Port Hardy,40,CA,1547960400,100,50.7,-127.42,2.0,1.0
270,Jishou,92,CN,1547965330,100,28.26,109.7,4.04,3.86
271,Luderitz,0,NA,1547965082,55,-26.65,15.16,17.94,4.46
272,Moose Factory,1,CA,1547960400,73,51.26,-80.61,-35.0,2.6
273,Tura,0,IN,1547964997,69,25.52,90.21,21.69,1.51
274,Mayumba,80,GA,1547965331,100,-3.44,10.65,25.24,3.11
275,Baoqing,48,CN,1547965331,38,46.32,132.2,-13.91,5.21
276,San Juan,75,PH,1547964000,55,14.6,121.03,31.0,3.1
277,Sotnikovskoye,76,RU,1547965333,96,45.0,43.79,0.29,3.16
278,Perevolotskiy,88,RU,1547965333,88,51.88,54.19,-4.46,3.96
279,Raudeberg,0,NO,1547963400,74,61.99,5.14,-1.0,5.1
280,Diamantino,36,BR,1547965334,95,-14.4,-56.44,22.74,2.01
281,Tougue,8,GN,1547965334,65,11.45,-11.68,11.14,1.86
282,Ceres,80,AR,1547965335,88,-29.88,-61.95,18.94,1.66
283,Farafangana,36,MG,1547965093,97,-22.82,47.83,27.94,6.36
284,Camacha,75,PT,1547962200,82,33.08,-16.33,16.0,9.3
285,Nishihara,20,JP,1547964000,34,35.74,139.53,12.0,1.5
286,Bam,0,IR,1547965336,41,29.11,58.36,4.34,1.31
287,Kuusamo,56,FI,1547963400,83,65.96,29.19,-22.0,4.1
288,Alvorada,75,BR,1547960400,94,-30.0,-51.08,20.0,4.1
289,Narsaq,20,GL,1547963400,47,60.91,-46.05,-9.0,9.3
290,Iskateley,88,RU,1547964941,75,67.68,53.15,-11.16,1.66
291,Nakamura,75,JP,1547964000,87,35.17,136.87,7.0,5.7
292,Awbari,0,LY,1547965102,67,26.59,12.77,8.59,3.51
293,Ust-Maya,32,RU,1547965339,0,60.42,134.54,-38.06,1.16
294,Jangaon,0,IN,1547965339,68,17.72,79.16,26.84,1.91
295,Kenai,1,US,1547963760,82,60.55,-151.26,-17.2,3.21
296,Udayagiri,0,IN,1547965340,37,12.32,76.68,26.34,3.86
297,Mount Isa,0,AU,1547962200,16,-20.73,139.49,42.0,6.7
298,Zarate,75,PE,1547964000,88,-13.68,-76.08,21.0,3.1
299,Bose,0,IT,1547963400,100,45.46,8.01,-1.0,0.5
300,Phuthaditjhaba,8,ZA,1547965341,73,-28.53,28.82,10.69,1.31
301,Kailua,90,US,1547964240,90,21.39,-157.74,24.4,2.6
302,Walvis Bay,75,NA,1547960400,82,-22.95,14.51,16.0,4.1
303,Geraldton,5,CA,1547962020,66,49.72,-86.95,-34.0,1.0
304,Hamilton,90,CA,1547962800,77,43.26,-79.87,-15.0,7.7
305,Mount Gambier,0,AU,1547960400,53,-37.83,140.78,25.0,7.2
306,Alofi,88,NU,1547964000,88,-19.06,-169.92,28.0,2.1
307,Goderich,64,CA,1547965050,98,43.74,-81.71,-13.76,7.81
308,Galle,1,US,1547963760,59,29.74,-97.91,5.6,4.1
309,Lulea,12,SE,1547963400,76,65.58,22.15,-21.0,1.5
310,Sao Filipe,8,CV,1547964867,98,14.9,-24.5,21.44,7.96
311,Kandi,24,BJ,1547965344,31,11.13,2.93,21.69,3.91
312,Jiuquan,8,CN,1547965344,81,39.73,98.49,-8.76,1.16
313,Mount Vernon,90,US,1547964180,95,40.91,-73.84,3.3,6.06
314,Dumas,0,IN,1547965345,85,21.09,72.71,23.94,2.66
315,Saint-Joseph,88,FR,1547964000,93,43.56,6.97,7.0,1.5
316,Papara,40,BR,1547964000,94,-3.98,-38.73,25.0,1.0
317,Avera,90,US,1547963700,83,33.19,-82.53,15.0,2.6
318,Kautokeino,0,NO,1547965346,50,69.01,23.04,-23.51,1.41
319,Riyadh,5,SA,1547964000,42,24.63,46.72,9.0,1.5
320,Viedma,0,AR,1547965347,34,-40.81,-62.99,23.64,8.41
321,Jian,0,IN,1547965347,57,25.65,87.89,22.49,2.01
322,Araouane,0,ML,1547965016,40,18.9,-3.53,3.74,3.21
323,Obukhiv,88,UA,1547964600,84,50.11,30.63,-11.0,1.0
324,Finnsnes,48,NO,1547963400,83,69.23,17.98,-5.0,5.7
325,Urmary,75,RU,1547964000,92,55.68,47.94,-8.0,4.0
326,Lakes Entrance,0,AU,1547965350,78,-37.88,147.99,22.59,3.11
327,Velingrad,90,BG,1547960400,100,42.03,23.99,3.0,1.0
328,Kanye,24,BW,1547965350,80,-24.98,25.34,20.39,7.56
329,Harper,1,US,1547963700,80,30.3,-99.24,1.1,4.21
330,Barahona,36,DO,1547965351,100,18.21,-71.1,25.04,7.01
331,Puerto Narino,0,CO,1547964000,100,-3.77,-70.38,22.0,1.96
332,Preobrazheniye,12,RU,1547964998,41,42.9,133.91,-12.96,3.61
333,Murwillumbah,0,AU,1547964000,61,-28.33,153.4,32.0,4.6
334,Lata,56,IN,1547964938,73,30.78,78.62,8.84,0.86
335,San Jose,0,PH,1547965353,69,15.79,120.99,27.19,2.11
336,Syamzha,64,RU,1547965353,80,60.02,41.06,-11.31,4.41
337,Moussoro,8,TD,1547965353,49,13.64,16.49,13.49,1.81
338,Leh,56,IN,1547964988,84,34.16,77.58,-20.91,0.16
339,Whitehorse,75,CA,1547960400,77,60.72,-135.06,-15.0,2.6
340,Sabang,92,PH,1547965355,100,13.72,123.58,23.84,8.01
341,Upington,0,ZA,1547964000,14,-28.46,21.24,25.0,1.5
342,Hashtrud,0,IR,1547965355,71,37.48,47.05,-8.06,1.31
343,Ouesso,0,CG,1547965356,91,1.61,16.05,23.69,1.46
344,Port-Gentil,40,GA,1547964000,94,-0.72,8.78,26.0,1.0
345,Lebu,0,ET,1547965005,53,8.96,38.73,13.34,1.76
346,Sinnamary,100,GF,1547965357,96,5.38,-52.96,25.99,5.71
347,Fereydun Kenar,40,IR,1547964000,81,36.69,52.52,6.0,2.1
348,Touros,40,BR,1547960400,83,-5.2,-35.46,26.0,1.5
349,Inirida,68,CO,1547965191,98,3.87,-67.92,22.84,0.96
350,Saint-Augustin,44,FR,1547962200,100,44.83,-0.61,6.0,1.0
351,Camopi,80,GF,1547965080,100,3.17,-52.33,22.29,0.91
352,San Patricio,12,PY,1547964996,89,-26.98,-56.83,19.84,1.86
353,Clyde River,90,CA,1547961720,82,70.47,-68.59,-29.0,5.21
354,Diu,0,IN,1547965358,35,20.71,70.98,27.99,1.76
355,Jahanabad,0,IR,1547964000,69,33.86,48.17,1.0,2.1
356,Ugoofaaru,8,MV,1547965125,100,5.67,73.0,26.74,3.41
357,Stantsionno-Oyashinskiy,88,RU,1547965359,92,55.47,83.82,-4.01,6.11
358,San Quintin,0,PH,1547965076,59,17.54,120.52,28.64,0.96
359,Nemuro,75,JP,1547964000,62,43.32,145.57,-4.0,1.0
360,Marsh Harbour,8,BS,1547965360,100,26.54,-77.06,23.59,7.76
361,Copiapo,0,CL,1547964000,82,-27.37,-70.33,16.0,1.5
362,Sakaiminato,75,JP,1547964000,53,35.55,133.23,10.0,10.3
363,Dauriya,20,RU,1547964974,50,49.93,116.85,-8.11,5.01
364,Takoradi,8,GH,1547965361,100,4.89,-1.75,26.19,2.71
365,Port Keats,12,AU,1547965362,81,-14.25,129.55,33.74,1.36
366,Iqaluit,5,CA,1547962260,74,63.75,-68.52,-31.0,2.1
367,Kruisfontein,0,ZA,1547964994,78,-34.0,24.73,17.99,2.31
368,Curup,68,ID,1547965362,76,-3.47,102.53,25.94,0.96
369,Hilo,20,US,1547963580,86,19.71,-155.08,20.6,1.5
370,Fukue,75,JP,1547964000,87,35.03,136.69,7.0,5.7
371,Telford,90,GB,1547963400,100,52.68,-2.45,4.0,1.5
372,Ippy,0,CF,1547965363,65,6.26,21.2,19.34,2.21
373,Aloleng,0,PH,1547965364,82,16.13,119.78,29.34,2.31
374,Lorengau,92,PG,1547964981,100,-2.02,147.27,26.69,4.46
375,Paris,92,FR,1547962200,93,48.86,2.35,2.0,2.6
376,Hasaki,20,JP,1547962200,54,35.73,140.83,13.0,4.1
377,Sisimiut,48,GL,1547965049,100,66.94,-53.67,-25.11,0.71
378,Bull Savanna,68,JM,1547965366,89,17.89,-77.59,20.69,2.06
379,Ridgecrest,1,US,1547963760,82,35.62,-117.67,7.8,3.1
380,Elko,1,US,1547963760,84,40.83,-115.76,1.7,2.1
381,Khor,64,RU,1547965367,76,47.88,134.96,-13.66,2.11
382,Gisborne,0,NZ,1547965367,46,-38.66,178.02,25.59,3.81
383,Mackay,90,CA,1547964000,92,53.65,-115.58,-14.0,2.1
384,Maltahohe,0,NA,1547965368,11,-24.83,16.98,17.69,4.56
385,Mananjary,68,MG,1547965368,96,-19.16,46.8,20.89,2.76
386,Olinda,90,EC,1547964000,94,-2.03,-79.75,24.0,2.6
387,Poum,90,MK,1547964000,99,41.28,20.71,1.0,0.5
388,Kihei,20,US,1547964540,81,20.76,-156.45,22.2,4.1
389,Sambava,92,MG,1547965370,100,-14.27,50.17,24.49,6.46
390,Nuuk,80,GL,1547963400,72,64.17,-51.74,-9.0,2.1
391,Huarmey,0,PE,1547965026,92,-10.07,-78.15,16.34,0.71
392,San Ramon de la Nueva Oran,36,AR,1547965371,94,-23.13,-64.33,18.19,0.91
393,Puerto Leguizamo,92,CO,1547965371,99,-0.19,-74.78,21.79,1.16
394,Honiara,48,SB,1547965372,83,-9.43,159.96,28.04,1.06
395,Leshukonskoye,64,RU,1547965372,81,64.9,45.76,-12.26,1.56
396,Talara,8,PE,1547965372,95,-4.58,-81.27,20.84,1.81
397,Jiayuguan,8,CN,1547965373,81,39.77,98.29,-8.76,1.16
398,Nome,1,US,1547963700,66,30.04,-94.42,2.8,7.2
399,Kupang,40,ID,1547964000,83,-10.16,123.6,29.0,2.1
400,Puri,75,ID,1547964000,66,-7.54,112.45,32.0,3.1
401,Rio de Jesus,0,PA,1547965374,68,7.98,-81.16,25.29,2.51
402,Gopalpur,0,IN,1547965374,70,25.6,86.94,21.59,2.06
403,Monrovia,40,LR,1547962200,94,6.33,-10.8,24.0,1.41
404,Harbour Breton,48,CA,1547965375,100,47.48,-55.8,-8.06,6.01
405,Haines Junction,36,CA,1547964979,71,60.75,-137.51,-25.01,1.01
406,Varca,0,IN,1547962200,45,15.22,73.92,30.0,3.6
407,Taltal,0,CL,1547965376,96,-25.41,-70.49,13.69,0.81
408,Vila,0,IT,1547963400,100,45.18,8.4,-1.0,2.1
409,Matay,48,EG,1547965377,92,28.42,30.79,4.94,1.76
410,Brae,12,GB,1547963400,93,60.4,-1.35,6.0,4.1
411,Balikpapan,40,ID,1547964000,79,-1.24,116.86,30.0,1.5
412,Saint Petersburg,75,RU,1547964000,85,59.94,30.32,-4.0,4.0
413,Nantucket,90,US,1547963580,100,41.28,-70.1,2.8,7.7
414,Talaya,90,RU,1547962200,85,55.79,84.89,-4.0,7.0
415,Vissenbjerg,44,DK,1547963400,86,55.38,10.14,-1.0,2.66
416,Omsukchan,88,RU,1547965063,34,62.53,155.8,-31.46,1.61
417,Wanaka,56,NZ,1547964795,66,-44.7,169.14,12.54,4.76
418,Codrington,75,AU,1547960400,55,-28.95,153.24,34.0,4.6
419,Daru,0,SL,1547965117,91,7.99,-10.85,21.69,0.51
420,Saint Anthony,90,US,1547964480,88,43.97,-111.68,0.6,2.41
421,Wencheng,80,CN,1547965380,83,27.79,120.09,11.19,1.06
422,Mount Pleasant,75,US,1547964360,66,33.16,-94.97,-0.2,5.1
423,Nur,68,PL,1547965381,86,52.67,22.32,-3.96,2.91
424,Aracruz,0,BR,1547960400,78,-19.82,-40.27,26.0,3.1
425,Boa Vista,75,BR,1547964000,65,2.82,-60.67,28.0,4.6
426,Waddan,100,LY,1547965382,95,29.16,16.14,10.64,1.61
427,Atherton,90,GB,1547963400,93,53.52,-2.49,4.0,0.5
428,Umm Lajj,0,SA,1547964971,100,25.02,37.27,16.19,1.76
429,Verkhoyansk,48,RU,1547965052,0,67.55,133.39,-46.66,1.16
430,Belyy Yar,56,RU,1547964000,84,53.6,91.39,-16.0,1.51
431,Acaponeta,0,MX,1547965384,95,22.49,-105.36,20.49,2.36
432,San Antonio,90,CL,1547960400,87,-33.58,-71.61,15.0,1.0
433,Mata,56,CU,1547963400,93,22.63,-79.93,18.0,1.5
434,Voh,12,NC,1547965385,89,-20.95,164.69,26.99,8.61
435,Muros,40,ES,1547962200,93,42.77,-9.06,6.0,1.0
436,Christchurch,0,NZ,1547964000,30,-43.53,172.64,22.0,8.2
437,Kodinsk,76,RU,1547965386,70,58.6,99.18,-6.11,2.01
438,Dymer,80,UA,1547964600,100,50.78,30.31,-11.0,2.0
439,Arlit,24,NE,1547964965,43,18.74,7.39,16.09,2.51
440,Sorland,36,NO,1547965023,100,67.67,12.69,2.44,10.36
441,Mayo,90,CA,1547960400,84,63.59,-135.9,-19.0,1.16
442,Berlevag,88,NO,1547965033,100,70.86,29.09,-5.51,3.71
443,Le Pradet,75,FR,1547962200,100,46.44,1.83,4.0,2.6
444,Pangody,32,RU,1547965142,67,65.85,74.49,-20.46,2.16
445,Bonga,20,ET,1547965388,56,7.26,36.25,19.44,0.76
446,Salalah,0,OM,1547963400,38,17.01,54.1,25.0,9.3
447,Syedove,12,UA,1547965389,93,47.08,38.16,-7.16,4.21
448,Auki,24,NG,1547965017,56,12.18,6.51,15.89,1.81
449,Stokmarknes,64,NO,1547965389,100,68.56,14.91,-3.51,1.81
450,Zhangjiakou,0,CN,1547965390,25,40.77,114.88,-5.16,5.46
451,Laiyang,0,CN,1547965390,31,36.98,120.7,1.84,7.01
452,Bara,0,NG,1547965062,52,10.41,10.6,14.24,1.66
453,Victoria Point,0,AU,1547964000,58,-27.58,153.3,32.0,6.7
454,Havelock,1,US,1547963880,87,34.88,-76.9,18.3,7.7
455,Turukhansk,64,RU,1547965047,83,65.8,87.96,-14.86,4.81
456,Konstantinovka,92,MD,1547965392,92,47.99,28.86,-6.06,3.61
457,Pangai,75,TO,1547964000,83,-19.8,-174.35,28.0,5.1
458,Mokhotlong,20,LS,1547965392,77,-29.29,29.06,9.84,1.21
459,Ormara,80,PK,1547965393,100,25.21,64.64,20.09,0.71
460,Yining,92,CN,1547965393,99,29.04,114.56,6.09,1.46
461,Salamanca,88,ES,1547962200,93,40.97,-5.66,2.0,1.5
462,Asekeyevo,88,RU,1547965394,96,53.57,52.8,-4.16,6.31
463,Grand-Santi,0,GF,1547965394,97,4.27,-54.38,22.84,1.31
464,Havre-Saint-Pierre,40,CA,1547960400,61,50.23,-63.6,-31.0,3.1
465,Oranjemund,0,ZA,1547964996,93,-28.55,16.43,16.89,10.26
466,Celle,20,DE,1547963400,92,52.62,10.08,-5.0,2.6
467,Adrar,0,DZ,1547960400,35,27.87,-0.29,5.0,3.6
468,Calabozo,12,VE,1547965396,60,8.92,-67.43,24.84,6.01
469,Mahibadhoo,12,MV,1547965001,100,3.78,72.97,27.04,5.11
470,Tuatapere,56,NZ,1547964926,100,-46.13,167.69,12.29,11.36
471,Sechura,0,PE,1547965396,90,-5.56,-80.82,22.24,3.86
472,Careiro da Varzea,0,BR,1547964000,100,-3.2,-59.81,24.0,1.31
473,Ossora,88,RU,1547965397,93,59.24,163.07,-0.91,9.61
474,Japura,12,ID,1547965398,51,-0.42,102.29,33.29,1.21
475,La Libertad,0,PE,1547964000,67,-16.38,-71.56,14.0,1.31
476,Tazmalt,20,DZ,1547960400,87,36.39,4.4,6.0,6.7
477,Jambi,20,ID,1547965400,52,-1.6,103.62,34.34,3.86
478,Jega,48,NG,1547965400,35,12.22,4.38,21.29,3.76
479,Olovyannaya,0,RU,1547965400,54,50.94,115.59,-4.96,4.06
480,Ostrovnoy,8,RU,1547964989,77,68.05,39.51,-24.76,1.21
481,Aguada de Pasajeros,20,CU,1547963940,93,22.38,-80.85,19.0,2.6
482,Rossosh,64,RU,1547965401,89,50.2,39.58,-9.71,2.76
483,Garden City,90,US,1547964180,95,40.73,-73.63,3.3,6.2
484,Atasu,12,KZ,1547965402,89,48.68,71.64,-5.16,3.91
485,Banda Aceh,64,ID,1547964979,80,5.56,95.32,28.34,2.31
486,Koutiala,0,ML,1547965050,39,12.39,-5.46,14.39,4.31
487,Severnoye,80,RU,1547965403,93,54.09,52.54,-5.26,5.71
488,Vorukh,48,KG,1547965403,85,39.85,70.57,-4.76,0.76
489,Abnub,0,EG,1547960400,81,27.27,31.15,6.0,2.6
490,Sabha,0,LY,1547965112,93,27.03,14.43,9.34,3.66
491,Neuquen,0,AR,1547964000,50,-38.95,-68.06,25.0,2.1
492,Hendaye,75,FR,1547962200,81,43.37,-1.77,8.0,3.6
493,Kahta,0,TR,1547963400,91,37.78,38.62,0.0,3.1
494,Halifax,90,CA,1547964000,71,44.65,-63.58,-14.0,4.1
495,Tpig,0,RU,1547965405,60,41.78,47.59,-12.41,0.86
496,Jacareacanga,56,BR,1547965121,91,-6.22,-57.76,24.39,1.26
497,Vila Franca do Campo,20,PT,1547962200,87,37.72,-25.43,11.0,2.6
498,Marzuq,0,YE,1547964996,72,14.4,46.47,15.84,1.51
499,Shulan,64,CN,1547965406,55,44.41,126.94,-11.11,3.51
500,La Ronge,20,CA,1547960400,73,55.1,-105.3,-34.0,2.6
501,Tikrit,0,IQ,1547965406,74,34.62,43.68,0.59,1.21
502,Dubrovytsya,76,UA,1547965407,87,51.57,26.57,-5.31,1.96
503,Pochutla,76,MX,1547965407,100,15.74,-96.47,26.04,0.66
504,Antofagasta,75,CL,1547964000,88,-23.65,-70.4,17.0,0.5
505,Ninghai,44,CN,1547964000,59,29.29,121.42,10.0,4.0
506,Payo,32,ID,1547965408,63,-3.75,103.64,31.49,5.46
507,Biskamzha,64,RU,1547965409,55,53.45,89.53,-8.46,1.16
508,Ginda,56,IN,1547965409,73,30.69,78.49,8.84,0.86
509,Alekseyevka,0,RU,1547964000,85,53.25,50.49,-9.0,3.0
510,Ampanihy,32,MG,1547965410,79,-24.69,44.75,29.19,2.11
511,Arklow,90,IE,1547960400,100,52.79,-6.14,5.0,2.1
512,Klaksvik,20,FO,1547963400,80,62.23,-6.59,4.0,6.2
513,Loiza,20,PR,1547963760,78,18.43,-65.88,23.3,6.56
514,Teeli,20,RU,1547965090,55,51.01,90.2,-13.41,0.31
515,Wajima,75,JP,1547964000,100,37.4,136.9,4.0,2.6
516,Los Llanos de Aridane,0,ES,1547962200,77,28.66,-17.92,17.0,6.2
517,Lufilufi,40,WS,1547960400,66,-13.87,-171.6,32.0,5.1
518,Serebryanyy Bor,44,RU,1547965412,70,56.8,124.8,-27.71,1.51
519,Cabo San Lucas,5,MX,1547963160,59,22.89,-109.91,18.0,3.1
520,Saldanha,0,PT,1547964959,93,41.42,-6.55,0.54,2.66
521,Najran,5,SA,1547964000,46,17.54,44.22,12.0,3.1
522,San Benedetto del Tronto,8,IT,1547959800,93,42.95,13.88,5.0,2.6
523,Mezotur,90,HU,1547963100,92,47.0,20.63,-1.0,3.1
524,Glubczyce,24,PL,1547962200,92,50.2,17.83,-5.0,1.5
525,Carutapera,80,BR,1547965057,95,-1.2,-46.02,25.39,2.51
526,Bangkalan,75,ID,1547964000,66,-7.05,112.74,32.0,3.1
527,Meulaboh,76,ID,1547965053,100,4.14,96.13,26.39,2.61
528,Dera Bugti,64,PK,1547965416,90,29.03,69.15,15.34,1.41
529,Pangnirtung,12,CA,1547964851,55,66.15,-65.72,-35.81,1.51
530,Oriximina,92,BR,1547965416,100,-1.77,-55.87,23.09,0.41
531,Inongo,44,CD,1547965416,95,-1.93,18.29,23.39,1.21
532,Plotnikovo,90,RU,1547964000,80,55.04,83.4,-1.0,5.0
533,Rundu,32,NA,1547965417,90,-17.91,19.77,20.24,3.11
534,Boshnyakovo,44,RU,1547965417,96,49.65,142.17,-14.56,3.41
